run_accession,biosample,bioproject,reason_category,reason,evidence,assembly_length,n50,contigs,gc
SRR28824822,SAMN41107056,PRJNA835506,Outside study region,"Archived geographic metadata records country as Viet Nam with coordinates 21.0 N 105.83 E, outside Africa. Fails the African-origin inclusion criterion.","ENA run report; NCBI BioSample; independent phylogenetic review placed it on its own branch within the ST1 clade, not adjacent to any African genome",4136821,244799,73,38.99
ERR4783167,SAMEA6156068,PRJEB29739,Assembly quality,Assembly metrics inconsistent with a single A. baumannii genome: assembly length 7.87 Mb (expected ~3.8-4.1 Mb).,"QUAST (repository), Pathogenwatch stats and an independent recount of the FASTA files all agree; mash matching-hash fraction reduced (459-738/1000 vs >900 for clean genomes)",7874691,150526,174,38.89
ERR4783385,SAMEA6156069,PRJEB29739,Assembly quality,Assembly metrics inconsistent with a single A. baumannii genome: assembly length 5.50 Mb (expected ~3.8-4.1 Mb); 1997 contigs.,"QUAST (repository), Pathogenwatch stats and an independent recount of the FASTA files all agree; mash matching-hash fraction reduced (459-738/1000 vs >900 for clean genomes)",5502475,6956,1997,39.08
ERR4783394,SAMEA6156108,PRJEB29739,Assembly quality,Assembly metrics inconsistent with a single A. baumannii genome: assembly length 5.83 Mb (expected ~3.8-4.1 Mb); 2325 contigs.,"QUAST (repository), Pathogenwatch stats and an independent recount of the FASTA files all agree; mash matching-hash fraction reduced (459-738/1000 vs >900 for clean genomes)",5830439,6082,2325,38.91
ERR4783413,SAMEA6156090,PRJEB29739,Assembly quality,Assembly metrics inconsistent with a single A. baumannii genome: assembly length 5.69 Mb (expected ~3.8-4.1 Mb); 2304 contigs.,"QUAST (repository), Pathogenwatch stats and an independent recount of the FASTA files all agree; mash matching-hash fraction reduced (459-738/1000 vs >900 for clean genomes)",5694859,5625,2304,38.92
ERR4783415,SAMEA6156091,PRJEB29739,Assembly quality,Assembly metrics inconsistent with a single A. baumannii genome: assembly length 5.66 Mb (expected ~3.8-4.1 Mb); 2045 contigs.,"QUAST (repository), Pathogenwatch stats and an independent recount of the FASTA files all agree; mash matching-hash fraction reduced (459-738/1000 vs >900 for clean genomes)",5655373,7213,2045,39.25
ERR4783417,SAMEA6156092,PRJEB29739,Assembly quality,Assembly metrics inconsistent with a single A. baumannii genome: assembly length 5.80 Mb (expected ~3.8-4.1 Mb); 2108 contigs.,"QUAST (repository), Pathogenwatch stats and an independent recount of the FASTA files all agree; mash matching-hash fraction reduced (459-738/1000 vs >900 for clean genomes)",5803672,7264,2108,39.07
ERR6938738,SAMEA9651925,PRJEB29739,Assembly quality,Assembly metrics inconsistent with a single A. baumannii genome: assembly length 7.30 Mb (expected ~3.8-4.1 Mb); GC 40.5% (expected ~39%).,"QUAST (repository), Pathogenwatch stats and an independent recount of the FASTA files all agree; mash matching-hash fraction reduced (459-738/1000 vs >900 for clean genomes)",7295238,34694,431,40.5
ERR7226588,SAMEA9845141,PRJEB29739,Assembly quality,Assembly metrics inconsistent with a single A. baumannii genome: assembly length 6.22 Mb (expected ~3.8-4.1 Mb); GC 36.14% (expected ~39%).,"QUAST (repository), Pathogenwatch stats and an independent recount of the FASTA files all agree; mash matching-hash fraction reduced (459-738/1000 vs >900 for clean genomes)",6215191,98235,152,36.14
SRR25445093,SAMN36721200,PRJNA999198,Assembly quality,Assembly metrics inconsistent with a single A. baumannii genome: assembly length 7.95 Mb (expected ~3.8-4.1 Mb); GC 43.76% (expected ~39%); 3526 contigs.,"QUAST (repository), Pathogenwatch stats and an independent recount of the FASTA files all agree; mash matching-hash fraction reduced (459-738/1000 vs >900 for clean genomes)",7954508,3936,3526,43.76
