run_accession,genome_length,n50,contigs,gc_percent,pathogenwatch_qc,non_atcg,speciator_species,matching_hashes,mash_distance,st_pasteur_own_mlst,st_pasteur_pathogenwatch,st_oxford_pathogenwatch,qc_flags,excluded,exclusion_reason
ERR10710700,3931794,185024,66,39.0,,193,Acinetobacter baumannii,963/1000,0.000906124,2,2,1697,,no,
ERR10710702,3901585,154389,62,39.0,,393,Acinetobacter baumannii,956/1000,0.00108342,2,2,1697,,no,
ERR10710703,3951263,165695,68,39.0,,392,Acinetobacter baumannii,971/1000,0.000705841,2,2,1697,,no,
ERR10710705,3950770,165695,53,39.0,,491,Acinetobacter baumannii,971/1000,0.000705841,2,2,1697,,no,
ERR10710706,4008989,148258,66,39.1,,100,Acinetobacter baumannii,966/1000,0.000830728,1,1,231,,no,
ERR10710707,3950634,140190,68,39.0,,391,Acinetobacter baumannii,971/1000,0.000705841,2,2,1697,,no,
ERR10710709,3951508,165695,65,39.0,,296,Acinetobacter baumannii,971/1000,0.000705841,2,2,1697,,no,
ERR10782663,3449841,17640,376,38.9,,992,Acinetobacter baumannii,567/1000,0.0154006,,2240,a14faf7e854b9a573cb38716a3846a20e1709f60,N50_below_25kb|genome_length_short,no,
ERR10782668,4018408,19094,381,38.8,,1597,Acinetobacter baumannii,891/1000,0.00282712,,7a2cd9a1dbdb507eee4b84a9992936046bd141ad,81f6a93c23c8aa81247ec9bb9b38ffac084388d0,N50_below_25kb|pathogenwatch_st_novel,no,
ERR10782671,3886052,76584,127,38.9,,110,Acinetobacter baumannii,905/1000,0.00243596,103,103,514,,no,
ERR10782676,3918868,17838,351,39.0,,99,Acinetobacter baumannii,949/1000,0.00126265,409,409,2452,N50_below_25kb,no,
ERR10782680,3760506,62729,131,39.1,,95,Acinetobacter baumannii,701/1000,0.00920555,2214,2214,2802,,no,
ERR10782688,4236924,329108,35,38.9,,297,Acinetobacter baumannii,917/1000,0.00210772,126,126,2089,,no,
ERR10782695,3883368,137252,76,38.9,,100,Acinetobacter baumannii,897/1000,0.00265838,164,164,1418,,no,
ERR10782717,3818197,71731,111,38.9,,100,Acinetobacter baumannii,786/1000,0.00607761,1828,1828,2479,,no,
ERR10782743,3649769,51834,168,39.0,,198,Acinetobacter baumannii,808/1000,0.00534606,,2243,2828,,no,
ERR10783123,3695824,58057,129,39.0,,118,Acinetobacter baumannii,556/1000,0.015998,2215,2215,2798,,no,
ERR10783128,4065126,81279,137,39.1,,200,Acinetobacter baumannii,889/1000,0.00288374,821,821,2146,,no,
ERR10783132,3945331,87004,102,39.0,,218,Acinetobacter baumannii,957/1000,0.00105797,,522dc395e0726b800f47846e383452df3cfbc08a,2452,pathogenwatch_st_novel,no,
ERR10783138,3768405,39132,210,39.0,,425,Acinetobacter baumannii,738/1000,0.00778092,1464,1464,2803,,no,
ERR10783144,4296105,110999,84,39.0,,497,Acinetobacter baumannii,915/1000,0.00216198,973,973,2836,,no,
ERR10783153,3945166,112965,83,39.0,,199,Acinetobacter baumannii,959/1000,0.0010072,409,409,2452,,no,
ERR10783156,3953858,204667,67,39.0,,216,Acinetobacter baumannii,940/1000,0.00149601,32,32,472,,no,
ERR10783159,3887857,45638,179,38.9,,220,Acinetobacter baumannii,903/1000,0.00249129,103,103,514,,no,
ERR10783163,3911576,24951,292,39.0,,70,Acinetobacter baumannii,949/1000,0.00126265,409,409,2452,N50_below_25kb,no,
ERR10783166,4007712,282655,37,38.8,,296,Acinetobacter baumannii,892/1000,0.00279888,221,221,351,,no,
ERR10783178,4300746,143421,72,39.0,,398,Acinetobacter baumannii,914/1000,0.00218918,973,973,2836,,no,
ERR10787957,3715997,29336,253,39.0,,355,Acinetobacter baumannii,732/1000,0.00800497,2227,2227,2803,,no,
ERR10787959,3796168,77602,128,38.8,,195,Acinetobacter baumannii,784/1000,0.00614558,,2241,2824,,no,
ERR10787961,4293477,42976,192,39.0,,544,Acinetobacter baumannii,911/1000,0.00227104,973,973,2836,,no,
ERR10788033,4174545,98919,96,39.0,,140,Acinetobacter baumannii,956/1000,0.00108342,622,622,919,,no,
ERR10788115,3883814,367830,33,38.9,,199,Acinetobacter baumannii,928/1000,0.00181236,78,78,2830,,no,
ERR10788118,3618030,101138,97,39.1,,96,Acinetobacter baumannii,769/1000,0.00666341,516,516,2832,,no,
ERR10788121,3958732,27732,282,39.1,,1213,Acinetobacter baumannii,978/1000,0.000532603,1,1,231,,no,
ERR10794274,4310030,52227,176,38.9,,348,Acinetobacter baumannii,896/1000,0.00268639,,37b6366e9e0c9a87053851ae39bb08fa89cc1cde,e34be54ea0015a99f7a4cc7c42c4d4b051d51b4e,pathogenwatch_st_novel,no,
ERR10794308,4300977,155948,68,39.0,,593,Acinetobacter baumannii,914/1000,0.00218918,973,973,2836,,no,
ERR10794316,3953945,276577,57,39.0,,199,Acinetobacter baumannii,940/1000,0.00149601,32,32,472,,no,
ERR10794327,4189802,193584,65,39.0,,199,Acinetobacter baumannii,957/1000,0.00105797,622,622,919,,no,
ERR10802836,3772831,27842,283,39.0,,2568,Acinetobacter baumannii,739/1000,0.00774383,1464,1464,2803,,no,
ERR10802837,3907181,23184,329,38.9,,2089,Acinetobacter baumannii,909/1000,0.00232584,103,103,514,N50_below_25kb,no,
ERR10805899,3652008,52211,163,39.0,,197,Acinetobacter baumannii,808/1000,0.00534606,,2243,2828,,no,
ERR10808103,3912910,17207,404,39.0,,353,Acinetobacter baumannii,932/1000,0.00170624,409,409,2452,N50_below_25kb,no,
ERR10808115,3600835,26210,236,39.1,,2195,Acinetobacter baumannii,713/1000,0.00873204,,2242,084304c2282aca50d581eb64a22be36d4588919f,,no,
ERR10808136,3902274,217523,52,39.0,,97,Acinetobacter baumannii,947/1000,0.00131423,32,32,472,,no,
ERR10809417,3951168,118997,78,39.0,,294,Acinetobacter baumannii,959/1000,0.0010072,409,409,2452,,no,
ERR10809418,3605659,75445,102,39.1,,20,Acinetobacter baumannii,779/1000,0.00631659,1463,1463,2799,,no,
ERR10812834,3686883,96790,95,39.0,,197,Acinetobacter baumannii,762/1000,0.00691005,516,516,2796,,no,
ERR10812835,4135167,20435,373,39.0,,3194,Acinetobacter baumannii,962/1000,0.000931334,,ec6a416cba392eec68c2df2922ea9c3170be9155,0b2dc582f429290ce848b67b1750002a228abe8b,N50_below_25kb|pathogenwatch_st_novel,no,
ERR10812836,4139635,20276,334,39.0,,5588,Acinetobacter baumannii,958/1000,0.00103256,149,149,862,N50_below_25kb,no,
ERR10812837,3836454,27023,261,38.9,,10,Acinetobacter baumannii,856/1000,0.00384578,10,10,2151,,no,
ERR10812838,3877475,40095,216,38.9,,210,Acinetobacter baumannii,865/1000,0.00357808,10,10,2151,,no,
ERR10812839,4255107,24014,300,38.9,,2181,Acinetobacter baumannii,916/1000,0.00213483,126,126,2089,N50_below_25kb,no,
ERR10812840,3895884,23052,305,38.8,,2694,Acinetobacter baumannii,894/1000,0.00274254,164,164,1418,N50_below_25kb,no,
ERR10812841,3929345,223046,38,38.8,,299,Acinetobacter baumannii,491/1000,0.0198862,,2244,2834,,no,
ERR10812867,3915081,286426,58,39.0,,293,Acinetobacter baumannii,935/1000,0.00162709,32,32,472,,no,
ERR10812868,3703157,66082,119,39.0,,197,Acinetobacter baumannii,556/1000,0.015998,2215,2215,2798,,no,
ERR10812869,3694300,70809,116,39.0,,195,Acinetobacter baumannii,786/1000,0.00607761,,2245,346b6aa36e10ff787621bc8a155fd059e2bb368b,,no,
ERR10812870,3647387,53980,153,39.0,,98,Acinetobacter baumannii,809/1000,0.00531349,,2243,2828,,no,
ERR10812871,4023913,207754,48,39.0,,297,Acinetobacter baumannii,889/1000,0.00288374,821,821,2831,,no,
ERR10812872,3989991,31977,264,38.8,,1991,Acinetobacter baumannii,532/1000,0.017359,2177,2177,2827,,no,
ERR10812873,3798290,19803,323,39.2,,0,Acinetobacter baumannii,559/1000,0.0158335,,f8f38440e660b0507ac84784d27a4dae9baa2e79,d7dd7168085f90aecb889e242b7c0294ea66e940,N50_below_25kb|pathogenwatch_st_novel,no,
ERR10820997,3929795,30577,238,39.0,,80,Acinetobacter baumannii,931/1000,0.00173271,32,32,472,,no,
ERR10852925,3435936,47598,173,38.9,,10,Acinetobacter baumannii,567/1000,0.0154006,,2240,a14faf7e854b9a573cb38716a3846a20e1709f60,genome_length_short,no,
ERR10852926,3927358,115497,70,38.8,,357,Acinetobacter baumannii,491/1000,0.0198862,,2244,2834,,no,
ERR10852929,4001121,461870,27,38.8,,100,Acinetobacter baumannii,893/1000,0.00277069,221,221,351,,no,
ERR10852931,3984560,86793,283,38.7,,228,Acinetobacter baumannii,849/1000,0.00405685,10,10,2151,,no,
ERR10852932,3639048,37428,214,38.9,,378,Acinetobacter baumannii,732/1000,0.00800497,1464,1464,a56a31178bbb00ee99666ef4e8e85cad3257573d,,no,
ERR10852933,3941056,47736,150,39.1,,120,Acinetobacter baumannii,976/1000,0.00058191,1,1,231,,no,
ERR10852935,3977028,275554,30,38.8,,387,Acinetobacter baumannii,533/1000,0.0173006,2177,2177,2827,,no,
ERR10852936,4205399,179154,57,38.9,,100,Acinetobacter baumannii,948/1000,0.00128842,149,149,862,,no,
ERR10852938,3979903,84355,265,38.7,,110,Acinetobacter baumannii,842/1000,0.00427048,10,10,2151,,no,
ERR10852993,3891572,86793,119,38.9,,108,Acinetobacter baumannii,863/1000,0.00363721,10,10,2151,,no,
ERR10852995,3944809,118080,82,39.0,,99,Acinetobacter baumannii,960/1000,0.000981871,409,409,2452,,no,
ERR10852996,3810400,59579,138,38.8,,200,Acinetobacter baumannii,725/1000,0.00826969,2029,2029,2800,,no,
ERR10853648,3777516,111443,94,38.8,,208,Acinetobacter baumannii,732/1000,0.00800497,2199,2199,2801,,no,
ERR10854234,3810068,66561,124,38.9,,96,Acinetobacter baumannii,788/1000,0.00600989,1828,1828,2479,,no,
ERR10854472,3651399,49883,170,39.0,,200,Acinetobacter baumannii,804/1000,0.00547692,,2243,2828,,no,
ERR10854473,3652956,50832,169,39.0,,200,Acinetobacter baumannii,804/1000,0.00547692,,2243,2828,,no,
ERR10854474,3652674,53058,161,39.0,,197,Acinetobacter baumannii,808/1000,0.00534606,,2243,2828,,no,
ERR10854475,3815507,151161,68,38.9,,297,Acinetobacter baumannii,943/1000,0.00141786,32,32,2073,,no,
ERR10854476,3809664,47594,175,39.1,,0,Acinetobacter baumannii,877/1000,0.00322742,203,203,22630d0fbaffaf4db4d0d25977f85f0a1eeb4eeb,,no,
ERR10854480,3896143,240112,42,39.0,,10,Acinetobacter baumannii,950/1000,0.00123693,32,32,472,,no,
ERR10854483,3896191,281379,34,39.0,,97,Acinetobacter baumannii,949/1000,0.00126265,32,32,472,,no,
ERR10854484,3821762,60087,133,39.2,,295,Acinetobacter baumannii,555/1000,0.0160531,2215,2215,2835,,no,
ERR3569448,4045299,116471,92,39.2,Passed,983,Acinetobacter baumannii,1000/1000,0,1,1,231,,no,
ERR3569449,4012841,124312,84,39.2,Passed,197,Acinetobacter baumannii,1000/1000,0,1,1,231,,no,
ERR3569450,4047846,160550,87,39.2,Passed,988,Acinetobacter baumannii,1000/1000,0,1,1,231,,no,
ERR3569451,4053373,160598,85,39.2,Passed,299,Acinetobacter baumannii,999/1000,0.0000238274,1,1,231,,no,
ERR4436595,3873240,59365,117,39.0,Passed,220,Acinetobacter baumannii,,,10,10,447,,no,
ERR4436596,3830480,112964,76,39.0,Passed,296,Acinetobacter baumannii,,,2,2,195,,no,
ERR4436597,3848081,85557,103,39.0,Passed,195,Acinetobacter baumannii,,,2,2,195,,no,
ERR4436754,3980045,66122,121,38.9,Passed,291,Acinetobacter baumannii,,,2,2,1704,,no,
ERR4783167,7874691,150526,174,38.9,,493,Acinetobacter baumannii,506/1000,0.0189299,,2,1114,genome_length_inflated,yes,assembly quality - see excluded_genomes.csv
ERR4783172,4075871,78938,147,39.0,,1072,Acinetobacter baumannii,830/1000,0.00464278,1093,1093,2450,,no,
ERR4783180,4064101,128362,130,38.9,,391,Acinetobacter baumannii,973/1000,0.000656154,85,85,1089,,no,
ERR4783186,4036409,161441,64,39.1,,198,Acinetobacter baumannii,961/1000,0.000956583,2,2,1114,,no,
ERR4783188,4039140,161384,69,39.0,,490,Acinetobacter baumannii,960/1000,0.000981871,2,2,1114,,no,
ERR4783194,4007831,366322,43,39.0,,889,Acinetobacter baumannii,926/1000,0.00186568,821,821,2146,,no,
ERR4783195,4036136,161384,68,39.0,,589,Acinetobacter baumannii,961/1000,0.000956583,2,2,1114,,no,
ERR4783200,3756025,376554,91,38.9,,294,Acinetobacter baumannii,915/1000,0.00216198,267,267,2417,,no,
ERR4783203,4034814,147019,67,39.0,,197,Acinetobacter baumannii,961/1000,0.000956583,2,2,1114,,no,
ERR4783208,4022839,128362,76,38.9,,296,Acinetobacter baumannii,982/1000,0.000434439,85,85,1089,,no,
ERR4783214,3928034,150002,72,39.1,,1,Acinetobacter baumannii,974/1000,0.000631368,1,1,441,,no,
ERR4783216,4036053,147019,69,39.0,,488,Acinetobacter baumannii,961/1000,0.000956583,2,2,1114,,no,
ERR4783222,4038564,182176,78,38.9,,484,Acinetobacter baumannii,987/1000,0.000312573,85,85,1089,,no,
ERR4783223,4039114,147019,74,39.0,,492,Acinetobacter baumannii,960/1000,0.000981871,2,2,1114,,no,
ERR4783228,3878318,158611,87,38.9,,393,Acinetobacter baumannii,964/1000,0.000880953,85,85,1089,,no,
ERR4783231,4040755,161384,71,39.0,,296,Acinetobacter baumannii,960/1000,0.000981871,2,2,1114,,no,
ERR4783239,4037370,161441,65,39.0,,489,Acinetobacter baumannii,960/1000,0.000981871,2,2,1114,,no,
ERR4783244,3984623,148259,81,39.1,,197,Acinetobacter baumannii,974/1000,0.000631368,1,1,231,,no,
ERR4783250,4268309,133230,192,38.9,,200,Acinetobacter baumannii,967/1000,0.000805673,25,25,229,,no,
ERR4783252,4038667,161384,69,39.1,,979,Acinetobacter baumannii,961/1000,0.000956583,2,2,1114,,no,
ERR4783258,4035657,161384,68,39.0,,296,Acinetobacter baumannii,960/1000,0.000981871,2,2,1114,,no,
ERR4783259,4198212,200360,71,39.0,,690,Acinetobacter baumannii,983/1000,0.000409992,25,25,229,,no,
ERR4783264,3896832,217044,50,38.8,,390,Acinetobacter baumannii,924/1000,0.00191916,164,164,1957,,no,
ERR4783385,5502475,6956,1997,39.1,,3324,Acinetobacter baumannii,738/1000,0.00778092,,9f6053401e40d2047c8c43f4becaad0df0f539d9,f724cbfcc90cd14bee249558553ab63b4af714f5,N50_below_25kb|genome_length_inflated|high_contig_count|probable_contamination|pathogenwatch_st_novel,yes,assembly quality - see excluded_genomes.csv
ERR4783387,4040707,137393,99,38.9,,493,Acinetobacter baumannii,981/1000,0.000458924,85,85,1089,,no,
ERR4783391,4037852,161384,65,39.0,,493,Acinetobacter baumannii,961/1000,0.000956583,2,2,1114,,no,
ERR4783394,5830439,6082,2325,38.9,,1365,Acinetobacter baumannii,692/1000,0.00956826,,92a00f7aac2575d42d3b0e19711fd1757bf406c5,1d686aaae5ce09609dfbd9541264b049ad6f0d13,N50_below_25kb|genome_length_inflated|high_contig_count|probable_contamination|pathogenwatch_st_novel,yes,assembly quality - see excluded_genomes.csv
ERR4783401,4069045,128362,146,38.9,,293,Acinetobacter baumannii,967/1000,0.000805673,85,85,1089,,no,
ERR4783411,3881439,156988,88,38.9,,295,Acinetobacter baumannii,961/1000,0.000956583,85,85,1089,,no,
ERR4783413,5694859,5625,2304,38.9,,1177,Acinetobacter baumannii,701/1000,0.00920555,,ab1273837f164a6f048642a9c8c0ce4484efbf47,4114eefd7ed8920fa939466fc2b7b247beb483f7,N50_below_25kb|genome_length_inflated|high_contig_count|probable_contamination|pathogenwatch_st_novel,yes,assembly quality - see excluded_genomes.csv
ERR4783415,5655373,7213,2045,39.2,,3895,Acinetobacter baumannii,700/1000,0.00924552,,72e0cbae46f03e4c9e0c22f5e687c7d949706ad6,ca2e6558bfea81b5bebf762d6db2f5b120ded0ae,N50_below_25kb|genome_length_inflated|high_contig_count|probable_contamination|pathogenwatch_st_novel,yes,assembly quality - see excluded_genomes.csv
ERR4783417,5803672,7264,2108,39.1,,1372,Acinetobacter baumannii,676/1000,0.0102298,,f6050f15d6a9dde781ccb05839ee6477eeb2ee80,811e0ec202db63a1f5e2fc5038a6e103e979d12a,N50_below_25kb|genome_length_inflated|high_contig_count|probable_contamination|pathogenwatch_st_novel,yes,assembly quality - see excluded_genomes.csv
ERR4783419,4037984,182178,89,38.9,,587,Acinetobacter baumannii,982/1000,0.000434439,85,85,1089,,no,
ERR4783518,4027855,137143,68,38.9,,488,Acinetobacter baumannii,982/1000,0.000434439,85,85,1089,,no,
ERR4919979,3883634,26172,289,39.2,Passed,199,Acinetobacter baumannii,,,267,267,942,,no,
ERR4919980,4040916,32994,239,39.3,Passed,0,Acinetobacter baumannii,,,1,1,405,,no,
ERR4919981,4061048,33088,240,39.2,Passed,10,Acinetobacter baumannii,,,1,1,405,,no,
ERR4919983,4085498,34777,207,39.2,Passed,100,Acinetobacter baumannii,,,1,1,405,,no,
ERR4919984,4075284,61147,153,39.2,Passed,20,Acinetobacter baumannii,,,1,1,405,,no,
ERR4919985,4100961,57648,175,39.1,Passed,0,Acinetobacter baumannii,,,1,1,405,,no,
ERR4919991,3870996,38218,193,39.0,Passed,200,Acinetobacter baumannii,,,2,2,447f65ac89a95653b2affbffa7dd09b10fd72d3b,,no,
ERR4919992,3540115,70856,90,38.9,Failed,10,Acinetobacter baumannii,,,10,10,2373,,no,
ERR4919993,3901026,51153,146,39.0,Passed,0,Acinetobacter baumannii,,,575,575,1051,,no,
ERR4920008,3982841,81019,115,39.1,Passed,200,Acinetobacter baumannii,,,52,52,931,,no,
ERR4920011,3986311,33072,253,39.4,Passed,107,Acinetobacter baumannii,,,1,1,231,,no,
ERR4920012,3830854,26704,267,39.3,Passed,309,Acinetobacter baumannii,,,164,164,1418,,no,
ERR4920013,3860966,33835,210,39.2,Passed,97,Acinetobacter baumannii,,,164,164,1418,,no,
ERR4999559,3970963,391429,34,38.9,Passed,98,Acinetobacter baumannii,,,602,602,732,,no,
ERR4999560,4152712,304798,73,39.0,Passed,199,Acinetobacter baumannii,,,1,1,231,,no,
ERR4999561,3976831,369555,51,39.0,Passed,197,Acinetobacter baumannii,,,1,1,945,,no,
ERR4999562,3971529,319736,52,39.0,Passed,300,Acinetobacter baumannii,,,1,1,945,,no,
ERR4999563,4249442,76680,114,38.8,Passed,193,Acinetobacter baumannii,,,25,25,440,,no,
ERR4999564,3968285,329828,42,38.9,Passed,100,Acinetobacter baumannii,,,602,602,732,,no,
ERR4999566,4252408,165750,59,38.7,Passed,594,Acinetobacter baumannii,,,25,25,440,,no,
ERR4999567,3977547,369555,51,39.0,Passed,100,Acinetobacter baumannii,,,1,1,945,,no,
ERR4999568,4257355,209998,50,38.7,Passed,199,Acinetobacter baumannii,,,25,25,440,,no,
ERR4999569,3924874,164777,69,39.0,Passed,493,Acinetobacter baumannii,,,2,2,218,,no,
ERR4999570,4292494,168069,95,38.9,Passed,399,Acinetobacter baumannii,,,136,136,bac158f4822ec7965c0da6030183813e43e10a18,,no,
ERR4999571,3984387,63787,168,39.2,Passed,0,Acinetobacter baumannii,,,2,2,286,,no,
ERR4999572,4031290,136369,104,39.1,Passed,299,Acinetobacter baumannii,,,2,2,286,,no,
ERR4999574,3882171,31913,274,39.1,Passed,200,Acinetobacter baumannii,,,602,602,732,,no,
ERR4999575,4290247,209498,98,38.9,Passed,597,Acinetobacter baumannii,,,136,136,bac158f4822ec7965c0da6030183813e43e10a18,,no,
ERR4999577,4291326,209498,95,38.9,Passed,400,Acinetobacter baumannii,,,,*3a73,bac158f4822ec7965c0da6030183813e43e10a18,pathogenwatch_st_novel,no,
ERR5000113,4258211,209998,48,38.7,Passed,198,Acinetobacter baumannii,,,25,25,440,,no,
ERR5000114,4031383,110353,109,39.1,Passed,200,Acinetobacter baumannii,,,2,2,286,,no,
ERR5000123,4199616,44740,198,39.0,Passed,99,Acinetobacter baumannii,,,136,136,bac158f4822ec7965c0da6030183813e43e10a18,,no,
ERR5000189,3757187,99416,81,39.0,Passed,599,Acinetobacter baumannii,,,2,2,425,,no,
ERR5000190,3901273,52398,172,38.9,Passed,296,Acinetobacter baumannii,,,2,2,208,,no,
ERR5000204,4249808,38733,214,39.0,Passed,198,Acinetobacter baumannii,,,136,136,bac158f4822ec7965c0da6030183813e43e10a18,,no,
ERR5205865,3919491,72921,114,39.1,Passed,218,Acinetobacter baumannii,,,2,2,195,,no,
ERR5205866,4040433,130061,110,39.1,Passed,299,Acinetobacter baumannii,,,2,2,218,,no,
ERR5205867,4108932,349682,46,38.9,Passed,0,Acinetobacter baumannii,,,158,158,499,,no,
ERR5205868,4040526,130063,114,39.1,Passed,298,Acinetobacter baumannii,,,2,2,218,,no,
ERR5205869,3849043,161413,64,39.0,Passed,293,Acinetobacter baumannii,,,2,2,1295,,no,
ERR5205871,3957490,131672,61,38.9,Passed,298,Acinetobacter baumannii,,,2,2,4cc7d6e2fe5e7bc35576fd2dfe546d922b69b8cf,,no,
ERR6938061,4273327,210079,71,38.8,,292,Acinetobacter baumannii,910/1000,0.00229842,149,149,862,,no,
ERR6938074,3765011,49870,175,39.0,,187,Acinetobacter baumannii,720/1000,0.00846101,1866,1866,0faba8ea727a52f32573ef7cd620e1849f75284a,,no,
ERR6938077,3865850,148272,62,39.0,,198,Acinetobacter baumannii,943/1000,0.00141786,409,409,2452,,no,
ERR6938084,3987863,291485,43,39.0,,289,Acinetobacter baumannii,924/1000,0.00191916,16,16,2453,,no,
ERR6938087,3953325,209352,45,39.0,,492,Acinetobacter baumannii,924/1000,0.00191916,164,164,1418,,no,
ERR6938090,4271459,210079,68,38.8,,384,Acinetobacter baumannii,910/1000,0.00229842,149,149,862,,no,
ERR6938093,3764647,49870,175,39.0,,181,Acinetobacter baumannii,720/1000,0.00846101,1866,1866,0faba8ea727a52f32573ef7cd620e1849f75284a,,no,
ERR6938096,4000573,222381,53,39.0,,289,Acinetobacter baumannii,899/1000,0.0026025,32,32,930,,no,
ERR6938099,3946705,177706,68,39.2,,784,Acinetobacter baumannii,868/1000,0.00348975,2,2,2349,,no,
ERR6938111,3940971,189721,55,39.0,,197,Acinetobacter baumannii,960/1000,0.000981871,409,409,2452,,no,
ERR6938114,4271123,210079,66,38.8,,491,Acinetobacter baumannii,910/1000,0.00229842,149,149,862,,no,
ERR6938153,3859883,47673,202,39.0,,295,Acinetobacter baumannii,890/1000,0.0028554,203,203,c2aa16f17d13e6bdbd9727e45dfee0690f2b78e7,,no,
ERR6938409,4027847,159736,63,38.9,,682,Acinetobacter baumannii,980/1000,0.000483446,85,85,1089,,no,
ERR6938479,3883481,111747,71,39.0,,395,Acinetobacter baumannii,909/1000,0.00232584,267,267,942,,no,
ERR6938729,4154799,131055,81,39.0,,291,Acinetobacter baumannii,970/1000,0.000730741,25,25,229,,no,
ERR6938731,4029953,131054,69,39.0,,199,Acinetobacter baumannii,945/1000,0.00136596,25,25,229,,no,
ERR6938732,4125221,131053,116,39.0,,368,Acinetobacter baumannii,966/1000,0.000830728,25,25,229,,no,
ERR6938733,4016486,115501,101,38.9,,722,Acinetobacter baumannii,978/1000,0.000532603,85,85,1089,,no,
ERR6938734,3891293,116584,98,38.9,,0,Acinetobacter baumannii,865/1000,0.00357808,10,10,2151,,no,
ERR6938735,3893143,122755,91,38.9,,0,Acinetobacter baumannii,865/1000,0.00357808,10,10,2151,,no,
ERR6938736,3894349,122755,92,38.9,,0,Acinetobacter baumannii,865/1000,0.00357808,10,10,2151,,no,
ERR6938738,7295238,34694,431,40.5,,1709,Acinetobacter baumannii,500/1000,0.0193079,,71476802cb4988aec4e817ba1b7a5ef184eea2cf,231,genome_length_inflated|gc_outlier|probable_contamination|pathogenwatch_st_novel,yes,assembly quality - see excluded_genomes.csv
ERR6938739,3913533,414693,33,38.9,,195,Acinetobacter baumannii,933/1000,0.00167981,16,16,2453,,no,
ERR6938740,3915581,414892,30,38.9,,196,Acinetobacter baumannii,933/1000,0.00167981,16,16,2453,,no,
ERR6938741,3778978,149749,53,39.0,,288,Acinetobacter baumannii,866/1000,0.00354859,267,267,2473,,no,
ERR6938743,3778575,149550,56,39.0,,289,Acinetobacter baumannii,866/1000,0.00354859,267,267,2473,,no,
ERR6938745,3982433,141160,67,38.9,,383,Acinetobacter baumannii,962/1000,0.000931334,85,85,1936,,no,
ERR6938749,3981237,141081,71,38.9,,683,Acinetobacter baumannii,962/1000,0.000931334,85,85,1936,,no,
ERR6938913,3650290,45921,158,39.1,,100,Acinetobacter baumannii,697/1000,0.00936594,1866,1866,2472,,no,
ERR6938928,3930818,157417,57,39.1,,291,Acinetobacter baumannii,965/1000,0.000855821,1,1,231,,no,
ERR6938929,3931254,161872,57,39.1,,385,Acinetobacter baumannii,964/1000,0.000880953,1,1,231,,no,
ERR6938931,4009346,230811,44,39.1,,295,Acinetobacter baumannii,918/1000,0.00208065,1,1,231,,no,
ERR7226293,3926020,160765,53,39.0,,0,Acinetobacter baumannii,885/1000,0.00299754,1910,1910,2483,,no,
ERR7226295,3554673,77880,112,39.0,,0,Acinetobacter baumannii,912/1000,0.00224371,338,338,485,,no,
ERR7226554,3941955,161262,60,39.1,,396,Acinetobacter baumannii,979/1000,0.000508006,1,1,231,,no,
ERR7226556,3941410,162130,59,39.1,,476,Acinetobacter baumannii,980/1000,0.000483446,1,1,231,,no,
ERR7226586,4004304,216776,46,39.1,,595,Acinetobacter baumannii,908/1000,0.0023533,821,821,2146,,no,
ERR7226588,6215191,98235,152,36.1,,5890,Acinetobacter baumannii,491/1000,0.0198862,1904,1904,2475,genome_length_inflated|gc_outlier|probable_contamination,yes,assembly quality - see excluded_genomes.csv
ERR7226590,3920694,232406,64,39.0,,387,Acinetobacter baumannii,953/1000,0.00115999,2,2,369,,no,
ERR7226592,3921466,232406,61,39.0,,391,Acinetobacter baumannii,953/1000,0.00115999,2,2,369,,no,
ERR7226594,3920569,232404,63,39.0,,197,Acinetobacter baumannii,953/1000,0.00115999,2,2,369,,no,
ERR7226612,3825429,146608,58,39.0,,373,Acinetobacter baumannii,931/1000,0.00173271,2,2,2026,,no,
ERR7226614,4138710,271651,41,39.1,,388,Acinetobacter baumannii,871/1000,0.00340187,107,107,1552,,no,
ERR7226616,4182138,133720,83,39.0,,198,Acinetobacter baumannii,976/1000,0.00058191,25,25,229,,no,
ERR7226618,3962200,456615,24,39.0,,393,Acinetobacter baumannii,923/1000,0.00194597,52,52,2476,,no,
ERR7226620,4003433,216776,45,39.0,,389,Acinetobacter baumannii,909/1000,0.00232584,821,821,2146,,no,
ERR7226622,4003274,216776,45,39.0,,589,Acinetobacter baumannii,909/1000,0.00232584,821,821,2146,,no,
ERR7226626,4146626,222326,46,39.0,,198,Acinetobacter baumannii,912/1000,0.00224371,164,164,1418,,no,
ERR7226644,3779248,428710,24,38.9,,494,Acinetobacter baumannii,540/1000,0.0168963,471,471,323,,no,
ERR7226646,3888641,202704,48,39.0,,99,Acinetobacter baumannii,920/1000,0.00202665,164,164,2481,,no,
ERR7226648,3681944,825214,16,39.0,,98,Acinetobacter baumannii,534/1000,0.0172424,1905,1905,2477,,no,
ERR7226650,3797174,150760,79,39.0,,772,Acinetobacter baumannii,501/1000,0.0192445,1470,1470,2478,,no,
ERR7226654,3991194,232681,52,38.9,,492,Acinetobacter baumannii,903/1000,0.00249129,1909,1909,2482,,no,
ERR7226656,3927703,188278,55,39.0,,0,Acinetobacter baumannii,885/1000,0.00299754,1910,1910,2483,,no,
ERR7226658,3926421,188278,53,39.0,,96,Acinetobacter baumannii,885/1000,0.00299754,1910,1910,2483,,no,
ERR7226676,3972748,149180,71,38.9,,678,Acinetobacter baumannii,958/1000,0.00103256,85,85,1936,,no,
ERR7226678,3924885,188278,51,39.0,,198,Acinetobacter baumannii,885/1000,0.00299754,1910,1910,2483,,no,
ERR7226680,3933772,347226,22,39.1,,488,Acinetobacter baumannii,544/1000,0.0166683,1906,1906,4cc40e791505bfa18a862cfd81689b0e15e5b94b,,no,
ERR7226688,3815632,77858,105,38.9,,288,Acinetobacter baumannii,787/1000,0.00604372,1828,1828,2479,,no,
ERR7226690,3814594,77858,106,38.9,,195,Acinetobacter baumannii,787/1000,0.00604372,1828,1828,2479,,no,
ERR8024946,4030322,31988,266,39.2,Passed,196,Acinetobacter baumannii,,,1136,1136,956071ff08390c40ea39bff72fa36621f38e8768,,no,
ERR8024947,3994427,33428,239,39.1,Passed,99,Acinetobacter baumannii,,,109,109,542,,no,
ERR8024950,3973062,41049,218,39.2,Passed,200,Acinetobacter baumannii,,,109,109,542,,no,
ERR8024951,3966149,42222,216,39.1,Passed,198,Acinetobacter baumannii,,,109,109,0bf710fc56a16ff990252e50476369bc7879ef3e,,no,
ERR8024959,4013637,37095,271,39.1,Passed,299,Acinetobacter baumannii,,,132,132,1181,,no,
SRR10583096,3683667,96034,75,38.9,Passed,297,Acinetobacter baumannii,,,10,10,447,,no,
SRR11514880,4282276,348715,303,39.5,Passed,498,Acinetobacter baumannii,830/1000,0.00464278,388,388,836,,no,
SRR11589174,3952793,160879,56,38.9,Passed,98,Acinetobacter baumannii,,,2,2,208,,no,
SRR11589267,3995273,269504,38,38.8,Passed,0,Acinetobacter baumannii,,,243,243,2948,,no,
SRR12905336,4251297,76680,113,38.8,Passed,193,Acinetobacter baumannii,,,25,25,440,,no,
SRR12905337,3882189,31913,274,39.1,Passed,200,Acinetobacter baumannii,,,602,602,732,,no,
SRR12905338,3985519,63787,169,39.2,Passed,0,Acinetobacter baumannii,,,2,2,286,,no,
SRR12905341,3898615,52398,171,38.9,Passed,296,Acinetobacter baumannii,,,2,2,208,,no,
SRR13327178,3995922,45990,211,38.9,Passed,98,Acinetobacter baumannii,,,2,2,684,,no,
SRR13327179,3982151,28376,276,38.9,Passed,101,Acinetobacter baumannii,,,2,2,684,,no,
SRR13327181,3951788,37399,208,39.2,Passed,97,Acinetobacter baumannii,,,1,1,231,,no,
SRR13327185,3939018,44219,197,39.2,Passed,0,Acinetobacter baumannii,,,1,1,231,,no,
SRR13327186,3955071,33021,213,39.0,Passed,395,Acinetobacter baumannii,,,2,2,195,,no,
SRR13327187,4036324,114954,89,39.0,Passed,299,Acinetobacter baumannii,,,1,1,231,,no,
SRR13327189,4032180,82031,106,39.0,Passed,0,Acinetobacter baumannii,,,1,1,231,,no,
SRR13327190,4018748,57127,147,39.1,Passed,297,Acinetobacter baumannii,,,1,1,231,,no,
SRR13327191,3993401,102221,97,39.0,Passed,199,Acinetobacter baumannii,,,1,1,231,,no,
SRR13327192,4196985,93970,108,38.9,Passed,409,Acinetobacter baumannii,,,113,113,2246,,no,
SRR13327193,3954237,113202,78,38.9,Passed,199,Acinetobacter baumannii,,,2,2,1705,,no,
SRR13327194,4157839,39492,246,39.0,Passed,199,Acinetobacter baumannii,,,113,113,2246,,no,
SRR13327196,3943122,27716,284,39.2,Passed,108,Acinetobacter baumannii,,,,*c945,195,pathogenwatch_st_novel,no,
SRR13327198,4035465,87438,105,39.0,Passed,298,Acinetobacter baumannii,,,,*8e7f,231,pathogenwatch_st_novel,no,
SRR13327199,3844351,73517,126,39.0,Passed,298,Acinetobacter baumannii,,,570,570,684,,no,
SRR13327200,3964551,81392,109,39.1,Passed,100,Acinetobacter baumannii,,,1,1,231,,no,
SRR13327201,4026579,45015,163,39.1,Passed,99,Acinetobacter baumannii,,,1,1,231,,no,
SRR13327203,3995065,25622,279,39.2,Passed,99,Acinetobacter baumannii,,,1,1,231,,no,
SRR13327204,3999026,34400,237,39.1,Passed,197,Acinetobacter baumannii,,,1,1,231,,no,
SRR13327205,3960145,27486,273,39.0,Passed,292,Acinetobacter baumannii,,,2,2,195,,no,
SRR13327206,4018418,42301,212,39.1,Passed,0,Acinetobacter baumannii,,,1,1,231,,no,
SRR13327207,3926103,28515,262,39.3,Passed,99,Acinetobacter baumannii,,,1,1,231,,no,
SRR13401434,3822166,12063,547,39.3,,211,Acinetobacter baumannii,869/1000,0.0034604,2,2,17cfef7d5c1e66257b269aae8fd384469eea433a,N50_below_25kb|high_contig_count,no,
SRR13430624,3705951,5730,962,39.6,,313,Acinetobacter baumannii,853/1000,0.00393593,2,2,d0cd85e08d302492508dd7e1f293db8f99f14e52,N50_below_25kb|high_contig_count,no,
SRR13430625,3816094,21266,393,39.2,,534,Acinetobacter baumannii,946/1000,0.00134007,2,2,195,N50_below_25kb,no,
SRR13430626,4049844,6772,973,39.6,,3514,Acinetobacter baumannii,833/1000,0.00454897,113,113,77388b51c7b505201157a3846fa9081fc557831d,N50_below_25kb|high_contig_count,no,
SRR13430627,3829659,9161,730,39.4,,5804,Acinetobacter baumannii,926/1000,0.00186568,85,85,1089,N50_below_25kb|high_contig_count,no,
SRR14100602,3723792,7262,858,39.7,,1598,Acinetobacter baumannii,922/1000,0.00197282,85,85,13a60398546a85917fae167815ef026b02cdadbb,N50_below_25kb|high_contig_count,no,
SRR14101519,3896461,5826,1009,39.7,,104,Acinetobacter baumannii,806/1000,0.00541137,,956929c4944bd0b7a6edc55493b5093950d766e4,bdad656c6581f17f2bbc80acd44886244b39c5d8,N50_below_25kb|high_contig_count|pathogenwatch_st_novel,no,
SRR14101547,3767592,14422,501,39.4,,0,Acinetobacter baumannii,904/1000,0.0024636,19,19,231,N50_below_25kb|high_contig_count,no,
SRR14101709,3808587,8962,729,39.3,,4804,Acinetobacter baumannii,930/1000,0.00175922,2,2,195,N50_below_25kb|high_contig_count,no,
SRR14101949,3843203,23241,319,39.2,,0,Acinetobacter baumannii,923/1000,0.00194597,19,19,231,N50_below_25kb,no,
SRR14102219,3893055,18969,402,39.2,,199,Acinetobacter baumannii,879/1000,0.00316966,2,2,1050,N50_below_25kb,no,
SRR14102306,3949760,36893,222,39.0,Passed,101,Acinetobacter baumannii,895/1000,0.00271444,2,2,1050,,no,
SRR14102521,3911286,22044,389,39.1,,399,Acinetobacter baumannii,929/1000,0.00178577,85,85,1078,N50_below_25kb,no,
SRR14116705,3558137,4868,1132,39.8,,100,Acinetobacter baumannii,812/1000,0.00521614,164,164,1f71b4ea40fba042ef29a5e0fcebfa3a8a1138ff,N50_below_25kb|high_contig_count,no,
SRR14116736,3842760,12881,538,39.5,,209,Acinetobacter baumannii,836/1000,0.00445566,570,570,1701,N50_below_25kb|high_contig_count,no,
SRR14280111,4035123,236927,49,39.0,Passed,413,Acinetobacter baumannii,916/1000,0.00213483,107,107,1552,,no,
SRR14455652,4037152,129974,76,39.2,Passed,394,Acinetobacter baumannii,980/1000,0.000483446,1,1,231,,no,
SRR17931033,3959160,156524,81,39.0,Passed,483,Acinetobacter baumannii,,,2,2,2063,,no,
SRR17931048,4174638,353729,60,38.9,Passed,388,Acinetobacter baumannii,,,54,54,30869baca844e64ae5ce73d193f34b884096d2e3,,no,
SRR17931144,4020153,229435,44,38.8,Passed,292,Acinetobacter baumannii,,,1,1,405,,no,
SRR17931145,4027386,278084,50,38.8,Passed,292,Acinetobacter baumannii,,,1,1,405,,no,
SRR18114233,4036178,126669,80,39.2,Passed,297,Acinetobacter baumannii,982/1000,0.000434439,1,1,231,,no,
SRR19107616,4083746,201598,65,39.1,,210,Acinetobacter baumannii,920/1000,0.00202665,1,1,231,,no,
SRR25445074,3921018,167920,54,39.0,,680,Acinetobacter baumannii,948/1000,0.00128842,2,2,451,,no,
SRR25445075,3920635,184719,53,39.0,,483,Acinetobacter baumannii,948/1000,0.00128842,2,2,451,,no,
SRR25445076,3920641,175856,52,39.0,,684,Acinetobacter baumannii,949/1000,0.00126265,2,2,451,,no,
SRR25445077,3844535,198445,55,39.0,,296,Acinetobacter baumannii,943/1000,0.00141786,2,2,451,,no,
SRR25445078,3846124,182135,58,38.9,,590,Acinetobacter baumannii,942/1000,0.00144387,2,2,2091,,no,
SRR25445079,3894305,152487,66,38.9,,688,Acinetobacter baumannii,955/1000,0.0011089,2,2,2091,,no,
SRR25445080,3874480,162136,61,38.9,,585,Acinetobacter baumannii,948/1000,0.00128842,2,2,2091,,no,
SRR25445081,3883191,162136,65,38.9,,589,Acinetobacter baumannii,950/1000,0.00123693,2,2,2091,,no,
SRR25445082,3893414,162136,61,38.9,,583,Acinetobacter baumannii,955/1000,0.0011089,2,2,2091,,no,
SRR25445083,3879002,260489,55,38.9,,490,Acinetobacter baumannii,966/1000,0.000830728,85,85,1089,,no,
SRR25445084,3889819,162136,65,38.9,,685,Acinetobacter baumannii,954/1000,0.00113443,2,2,2091,,no,
SRR25445085,3894342,162136,62,38.9,,683,Acinetobacter baumannii,955/1000,0.0011089,2,2,2091,,no,
SRR25445086,3807816,162136,62,39.0,,590,Acinetobacter baumannii,946/1000,0.00134007,2,2,2091,,no,
SRR25445087,3861070,162136,65,38.9,,687,Acinetobacter baumannii,948/1000,0.00128842,2,2,2091,,no,
SRR25445088,3827539,162136,55,38.9,,584,Acinetobacter baumannii,937/1000,0.00157453,2,2,2091,,no,
SRR25445089,3894180,162136,62,38.9,,489,Acinetobacter baumannii,955/1000,0.0011089,2,2,2091,,no,
SRR25445090,3894595,162136,62,38.9,,682,Acinetobacter baumannii,955/1000,0.0011089,2,2,2091,,no,
SRR25445091,3892828,162136,61,38.9,,689,Acinetobacter baumannii,955/1000,0.0011089,2,2,2091,,no,
SRR25445092,3894213,162136,61,38.9,,491,Acinetobacter baumannii,955/1000,0.0011089,2,2,2091,,no,
SRR25445093,7954508,3936,3526,43.8,,2201,Acinetobacter baumannii,459/1000,0.0220623,2,2,2091,N50_below_25kb|genome_length_inflated|gc_outlier|high_contig_count|probable_contamination,yes,assembly quality - see excluded_genomes.csv
SRR25445094,4021854,260489,47,38.9,,487,Acinetobacter baumannii,986/1000,0.000336872,85,85,1089,,no,
SRR25445095,3856395,131055,71,38.9,,587,Acinetobacter baumannii,941/1000,0.00146992,2,2,2091,,no,
SRR25445096,3895470,160711,63,38.9,,689,Acinetobacter baumannii,955/1000,0.0011089,2,2,2091,,no,
SRR25445097,3895116,152487,64,38.9,,583,Acinetobacter baumannii,955/1000,0.0011089,2,2,2091,,no,
SRR25445098,3861026,162136,63,38.9,,586,Acinetobacter baumannii,945/1000,0.00136596,2,2,2091,,no,
SRR25445099,3892791,162136,63,38.9,,396,Acinetobacter baumannii,955/1000,0.0011089,2,2,2091,,no,
SRR25445100,3894703,162136,62,38.9,,587,Acinetobacter baumannii,955/1000,0.0011089,2,2,2091,,no,
SRR25445101,3895326,162136,66,38.9,,582,Acinetobacter baumannii,955/1000,0.0011089,2,2,2091,,no,
SRR25445102,3818975,162136,61,38.9,,392,Acinetobacter baumannii,946/1000,0.00134007,2,2,2091,,no,
SRR25445103,3893927,168218,63,38.9,,588,Acinetobacter baumannii,955/1000,0.0011089,2,2,2091,,no,
SRR25445104,3893433,168218,58,38.9,,485,Acinetobacter baumannii,955/1000,0.0011089,2,2,2091,,no,
SRR25445105,3982230,220483,55,38.9,,495,Acinetobacter baumannii,980/1000,0.000483446,85,85,1089,,no,
SRR25445106,3893170,168218,63,38.9,,585,Acinetobacter baumannii,955/1000,0.0011089,2,2,2091,,no,
SRR25445107,3865699,168218,63,38.9,,484,Acinetobacter baumannii,945/1000,0.00136596,2,2,2091,,no,
SRR25445108,3893674,161195,64,38.9,,393,Acinetobacter baumannii,955/1000,0.0011089,2,2,2091,,no,
SRR25445109,3842719,162141,58,38.9,,485,Acinetobacter baumannii,941/1000,0.00146992,2,2,2091,,no,
SRR25445110,3895317,168218,65,38.9,,693,Acinetobacter baumannii,956/1000,0.00108342,2,2,2091,,no,
SRR25445111,3873044,139056,59,38.9,,389,Acinetobacter baumannii,951/1000,0.00121124,2,2,2091,,no,
SRR25445112,3893698,131055,68,38.9,,587,Acinetobacter baumannii,955/1000,0.0011089,2,2,2091,,no,
SRR25445113,3774178,131059,66,38.9,,591,Acinetobacter baumannii,923/1000,0.00194597,2,2,2091,,no,
SRR25445114,3866715,162136,61,38.9,,584,Acinetobacter baumannii,950/1000,0.00123693,2,2,2091,,no,
SRR25445115,3860369,147313,67,38.9,,591,Acinetobacter baumannii,946/1000,0.00134007,2,2,2091,,no,
SRR25445116,3908113,260489,49,38.9,,490,Acinetobacter baumannii,973/1000,0.000656154,85,85,1089,,no,
SRR25445117,3764697,162136,57,38.9,,684,Acinetobacter baumannii,930/1000,0.00175922,2,2,2091,,no,
SRR25445118,3834414,162136,61,38.9,,490,Acinetobacter baumannii,948/1000,0.00128842,2,2,2091,,no,
SRR25445119,3865915,162141,58,38.9,,393,Acinetobacter baumannii,944/1000,0.00139189,2,2,2091,,no,
SRR25445120,4097846,157682,75,38.9,,488,Acinetobacter baumannii,955/1000,0.0011089,2,2,195,,no,
SRR25445121,4097339,142245,76,38.9,,581,Acinetobacter baumannii,955/1000,0.0011089,2,2,195,,no,
SRR25445122,4031315,151724,77,39.0,,587,Acinetobacter baumannii,948/1000,0.00128842,2,2,195,,no,
SRR25445123,4096880,155923,77,38.9,,582,Acinetobacter baumannii,955/1000,0.0011089,2,2,195,,no,
SRR25445124,4097029,142246,78,38.9,,391,Acinetobacter baumannii,955/1000,0.0011089,2,2,195,,no,
SRR25445125,4096066,140447,77,38.9,,384,Acinetobacter baumannii,955/1000,0.0011089,2,2,195,,no,
SRR25445126,4092459,155923,73,38.9,,476,Acinetobacter baumannii,951/1000,0.00121124,2,2,195,,no,
SRR25445127,3840929,179908,50,38.8,,394,Acinetobacter baumannii,958/1000,0.00103256,85,85,1089,,no,
SRR25445128,4020990,260489,53,38.9,,491,Acinetobacter baumannii,987/1000,0.000312573,85,85,1089,,no,
SRR28167554,4012665,116519,88,39.1,,199,Acinetobacter baumannii,997/1000,0.0000715897,1,1,231,,no,
SRR28167555,4011417,116519,90,39.1,,197,Acinetobacter baumannii,997/1000,0.0000715897,1,1,231,,no,
SRR28167556,4012332,116519,90,39.1,,392,Acinetobacter baumannii,997/1000,0.0000715897,1,1,231,,no,
SRR28167557,3761553,53133,147,39.0,,0,Acinetobacter baumannii,748/1000,0.00741321,152,152,8c740e87197c412a10968c3bd4415de016108756,,no,
SRR28167558,3831896,54937,132,39.0,,197,Acinetobacter baumannii,851/1000,0.00399629,193,193,2459,,no,
SRR28167559,4011680,116519,89,39.1,,97,Acinetobacter baumannii,998/1000,0.0000476906,1,1,231,,no,
SRR28167560,4011820,106011,91,39.1,,97,Acinetobacter baumannii,997/1000,0.0000715897,1,1,231,,no,
SRR28167561,4043312,116519,90,39.2,,198,Acinetobacter baumannii,993/1000,0.000167546,1,1,231,,no,
SRR28167562,4043738,123909,87,39.2,,192,Acinetobacter baumannii,993/1000,0.000167546,1,1,231,,no,
SRR28167563,3884287,256030,33,38.9,,95,Acinetobacter baumannii,850/1000,0.00402654,976,976,2730,,no,
SRR28167564,4011282,124425,89,39.1,,97,Acinetobacter baumannii,997/1000,0.0000715897,1,1,231,,no,
SRR28167565,4000971,123867,74,39.2,,294,Acinetobacter baumannii,983/1000,0.000409992,1,1,231,,no,
SRR28167566,4043252,130269,89,39.2,,295,Acinetobacter baumannii,994/1000,0.000143503,1,1,231,,no,
SRR28167567,4041760,130269,87,39.2,,97,Acinetobacter baumannii,994/1000,0.000143503,1,1,231,,no,
SRR28167569,4021818,483708,21,38.9,,0,Acinetobacter baumannii,521/1000,0.0180108,,569693383a9722da93355beda42346a9c48a8c34,c321edee5c886dfad6228b8e982e1179923b7e29,pathogenwatch_st_novel,no,
SRR28167570,4017875,130269,81,39.1,,294,Acinetobacter baumannii,985/1000,0.000361208,1,1,231,,no,
SRR28167571,4041681,130269,88,39.2,,196,Acinetobacter baumannii,993/1000,0.000167546,1,1,231,,no,
SRR28167572,4011946,116519,90,39.1,,296,Acinetobacter baumannii,997/1000,0.0000715897,1,1,231,,no,
SRR28167573,4044540,124425,89,39.2,,296,Acinetobacter baumannii,992/1000,0.000191626,1,1,231,,no,
SRR28167574,4043302,125108,88,39.2,,295,Acinetobacter baumannii,992/1000,0.000191626,1,1,231,,no,
SRR28167575,4022223,116519,85,39.2,,296,Acinetobacter baumannii,991/1000,0.000215742,1,1,231,,no,
SRR28167576,4042546,116519,90,39.2,,196,Acinetobacter baumannii,994/1000,0.000143503,1,1,231,,no,
SRR28167577,3897509,579884,104,38.8,,100,Acinetobacter baumannii,927/1000,0.001839,1438,1438,2558,,no,
SRR28167578,4011572,124425,88,39.1,,197,Acinetobacter baumannii,997/1000,0.0000715897,1,1,231,,no,
SRR28167579,4012619,124425,91,39.1,,295,Acinetobacter baumannii,997/1000,0.0000715897,1,1,231,,no,
SRR28167581,4011875,124425,89,39.1,,196,Acinetobacter baumannii,997/1000,0.0000715897,1,1,231,,no,
SRR28167582,4012178,124425,89,39.1,,296,Acinetobacter baumannii,997/1000,0.0000715897,1,1,231,,no,
SRR28167584,3761535,53133,150,39.0,,0,Acinetobacter baumannii,748/1000,0.00741321,152,152,8c740e87197c412a10968c3bd4415de016108756,,no,
SRR8618098,4006984,68210,131,39.0,Passed,239,Acinetobacter baumannii,995/1000,0.000119496,164,164,1418,,no,
SRR8618099,4175530,166608,58,39.0,Passed,293,Acinetobacter baumannii,997/1000,0.0000715897,164,164,1418,,no,
SRR9017260,3746462,390837,15,38.9,Passed,196,Acinetobacter baumannii,999/1000,0.0000238274,164,164,234,,no,
